[
  {
    "namespace": "notificationbar",
    //"permissions": ["notificationbar"],
    "properties": {
      "PRIORITY_INFO_LOW": {
        "value": 1
      },
      "PRIORITY_INFO_MEDIUM": {
        "value": 2
      },
      "PRIORITY_INFO_HIGH": {
        "value": 3
      },
      "PRIORITY_WARNING_LOW": {
        "value": 4
      },
      "PRIORITY_WARNING_MEDIUM": {
        "value": 5
      },
      "PRIORITY_WARNING_HIGH": {
        "value": 6
      },
      "PRIORITY_CRITICAL_LOW": {
        "value": 7
      },
      "PRIORITY_CRITICAL_MEDIUM": {
        "value": 8
      },
      "PRIORITY_CRITICAL_HIGH": {
        "value": 9
      }
    },
    "types": [
      {
        "id": "Priority",
        "type": "integer",
        "enum": [1, 2, 3, 4, 5, 6, 7, 8, 9],
        "description": "Priority of the notification."
      },
      {
        "id": "NotificationProperties",
        "type": "object",
        "properties": {
          "windowId": {
            "description": "ID of the window, where the notification should be added to.",
            "type": "integer"
          },
          "label": {
            "description": "Label of the notification.",
            "type": "string"
          },
          "icon": {
            "optional": true,
            "description": "Path to an icon to appear on the notification, path must be relative to the extensions root folder. Default is an appropriate icon for the priority level is used.",
            "type": "string"
          },
          "priority": {
            "optional": true,
            "default": 1,
            "description": "Priority of the notification. Priorities ranges from PRIORITY_INFO_LOW to PRIORITY_CRITICAL_HIGH. Default is PRIORITY_INFO_LOW.",
            "$ref": "Priority"
          },
          "buttons": {
            "optional": true,
            "default": [],
            "description": "Notification action buttons.",
            "type": "array",
            "items": { "$ref": "ButtonProperties" }
          },
          "placement": {
            "optional": true,
            "default": "bottom",
            "description": "The placement of the notification.",
            "type": "string",
            "enum": ["top", "bottom", "message"]
          },
          "style": {
            "optional": true,
            "description": "Additional CSS styles to apply to the notification. Supported CSS properties are 'color', 'background*', 'margin*', 'padding*' and 'font*'",
            "type": "object",
            "additionalProperties": false,
            "patternProperties": {
              "^color$": {
                "type": "string"
              },
              "^font-style$": {
                "type": "string",
                "pattern": "^(normal|italic|oblique(\\s+[0-9]*(.[0-9]+)?(deg|rad|turn|grad))?)$"
              },
              "^font-size$": {
                "type": "string",
                "pattern": "^([0-9]+(.[0-9]+)?(%|c(h|m)|mm|e(m|x)|i(c|n)|lh|p(c|t|x)|Q|r(em|lh)|v(b|h|i|max|min|w)))$"
              },
              "^font-weight$": {
                "type": "string",
                "pattern": "^(normal|bold(er)?|lighter|1000|([1-9]{1}[0-9]{0,2}))$"
              },
              "^(background-)?color$": {
                "type": "string",
                "pattern": "^((?!transparent)([a-z]{4,})|-moz-([a-zA-Z\\-]+)|#(?=[a-f0-9]*)(?:.{3}|.{6})|rgb\\s*\\(\\s*(1?[0-9]{1,2}|2[0-4][0-9]|25[0-5])\\s*,\\s*(1?[0-9]{1,2}|2[0-4][0-9]|25[0-5])\\s*,\\s*(1?[0-9]{1,2}|2[0-4][0-9]|25[0-5])\\)|rgb\\s*\\(\\s*(1(\\.0+)?|0|0?\\.[0-9]+)\\s*,\\s*(1(\\.0+)?|0|0?\\.[0-9]+)\\s*,\\s*(1(\\.0+)?|0|0?\\.[0-9]+)\\s*\\)|rgb\\s*\\(\\s*(([1-9]{1}[0-9]?|100)%|0%?)\\s*,\\s*(([1-9]{1}[0-9]?|100)%|0%?)\\s*,\\s*(([1-9]{1}[0-9]?|100)%|0%?)\\s*\\))$"
              },
              "^background-image$": {
                "type": "string",
                "pattern": "/^url\\((?<delim>(\"|'))(moz-extension:\\/\\/[a-f0-9\\-]+\\/([a-zA-Z0-9._\\-\\/]+)|([a-zA-Z0-9\\/]+)\\.(jpg|jpeg|png))(?=<delim>)\\)$"
              },
              "^(padding|margin)(\\-(top|left|right|bottom|))?$": {
                "type": "string",
                "pattern": "^([\\+\\-]?[0-9]+(.[0-9]+)?(%|c(h|m)|mm|e(m|x)|i(c|n)|lh|p(c|t|x)|Q|r(em|lh)|v(b|h|i|max|min|w)))(\\s+([\\+\\-]?[0-9]+(.[0-9]+)?(%|c(h|m)|mm|e(m|x)|i(c|n)|lh|p(c|t|x)|Q|r(em|lh)|v(b|h|i|max|min|w)))){0,3}$"
              }
            }
          }
        }
      },
      {
        "id": "ButtonProperties",
        "description": "A notification button.",
        "type": "object",
        "properties": {
          "id": {
            "type": "string",
            "desciption": "The id of the button, which is sent to onButtonClicked events."
          },
          "label": {
            "type": "string",
            "desciption": "The label to appear on the button."
          },
          "accesskey": {
            "type": "string",
            "desciption": "The accesskey attribute set on the button.",
            "optional": true
          }
        }
      }
    ],
    "functions": [
      {
        "name": "create",
        "description": "Create a notification.",
        "type": "function",
        "async": true,
        "parameters": [
          {
            "name": "properties",
            "$ref": "NotificationProperties",
            "description": "Options of the notification."
          }
        ]
      },
      {
        "name": "clear",
        "type": "function",
        "description": "Removes an existing notification.",
        "async": true,
        "parameters": [
          {
            "type": "integer",
            "name": "notificationId",
            "description": "The ID of the notification to be removed."
          }
        ]
      },
      {
        "name": "getAll",
        "type": "function",
        "description": "Retrieves all notifications.",
        "async": true,
        "parameters": [
        ]
      }
    ],
    "events" : [
      {
        "name": "onButtonClicked",
        "type": "function",
        "description": "Fired when the user clicks on a button in a notification.",
        "parameters": [
          {
            "type": "integer",
            "name": "windowId",
            "description": "The ID of the window containing the notification of the clicked button."
          },
          {
            "type": "integer",
            "name": "notificationId",
            "description": "The ID of the notification of the clicked button."
          },
          {
            "type": "string",
            "name": "buttonId",
            "description": "The ID of the button clicked by the user."
          }
        ]
      },
      {
        "name": "onDismissed",
        "type": "function",
        "description": "Fired when a notification has been dismissed by the user.",
        "parameters": [
          {
            "type": "integer",
            "name": "windowId",
            "description": "The ID of the window containing the dismissed notification."
          },
          {
            "type": "integer",
            "name": "notificationId",
            "description": "The ID of the dismissed notification."
          }
        ]
      },
      {
        "name": "onClosed",
        "type": "function",
        "description": "Fired when a notification has been closed (button, dismiss, or manually calling clear()).",
        "parameters": [
          {
            "type": "integer",
            "name": "windowId",
            "description": "The ID of the window containing the closed notification."
          },
          {
            "type": "integer",
            "name": "notificationId",
            "description": "The ID of the closed notification."
          },
          {
            "type": "boolean",
            "name": "byUser",
            "description": "The notification was closed by the user."
          }
        ]
      }
    ]
  }
]